id,name,score,age
1,Alice,85.0,23.0
2,Bob,90.0,25.0
3,Charlie,78.0,26.333333333333332
4,Daniel,92.0,30.0
5,Eve,88.0,27.0
6,Frank,87.33333333333333,29.0
7,Grace,91.0,24.0
8,Hank,87.33333333333333,26.333333333333332
